technique_id,technique_name,tactic,severity,bank_relevance,siem_usecase_id,siem_usecase_name,dora_article,tiber_phase,description_de
T1003,Credential Dumping,credential-access,critical,sehr_hoch,UC-BANK-001,Credential Access Detection - Credential Dumping,Art.25,Active-Phase,"Erkennung von OS Credential Dumping (LSASS, SAM, NTDS, DCSync)"
T1003.001,OS Credential Dumping: LSASS Memory,credential-access,critical,sehr_hoch,UC-BANK-001,Credential Access Detection - Credential Dumping,Art.25,Active-Phase,LSASS Prozess-Memory-Dump via Procdump oder Mimikatz
T1003.002,OS Credential Dumping: Security Account Manager,credential-access,critical,sehr_hoch,UC-BANK-001,Credential Access Detection - Credential Dumping,Art.25,Active-Phase,Security Account Manager (SAM) Credential Extraktion
T1003.003,OS Credential Dumping: NTDS,credential-access,critical,sehr_hoch,UC-BANK-001,Credential Access Detection - Credential Dumping,Art.25,Active-Phase,Active Directory NTDS.dit Extraktion via Shadow Copy
T1003.006,OS Credential Dumping: DCSync,credential-access,critical,sehr_hoch,UC-BANK-001,Credential Access Detection - Credential Dumping,Art.25,Active-Phase,DCSync Angriff via Directory Replication
T1003.007,OS Credential Dumping: Proc Filesystem,credential-access,critical,sehr_hoch,UC-BANK-001,Credential Access Detection - Credential Dumping,Art.25,Active-Phase,Credential Dump aus /proc Dateisystem
T1003.008,OS Credential Dumping: /etc/passwd and /etc/shadow,credential-access,critical,sehr_hoch,UC-BANK-001,Credential Access Detection - Credential Dumping,Art.25,Active-Phase,/etc/passwd und /etc/shadow Extraktion
T1040,Network Sniffing,credential-access,critical,sehr_hoch,UC-BANK-002,Credential Access Detection - Network Sniffing,Art.25,Active-Phase,Netzwerk-Traffic-Sniffing fuer Credential-Theft
T1055.002,Process Injection: Portable Executable Injection,credential-access,critical,sehr_hoch,UC-BANK-003,Credential Access Detection - Process Injection: Portable Executable Injection,Art.25,Active-Phase,Code-Injection in laufende Prozesse - Process Injection: Portable Executable Injection
T1110.003,Brute Force: Password Spraying,credential-access,critical,sehr_hoch,UC-BANK-004,Credential Access Detection - Brute Force: Password Spraying,Art.25,Active-Phase,Brute-Force Angriff auf Zugangsdaten - Brute Force: Password Spraying
T1528,Steal Application Access Token,credential-access,critical,sehr_hoch,UC-BANK-005,Credential Access Detection - Steal Application Access Token,Art.25,Active-Phase,Steal Application Access Token
T1552,Unsecured Credentials,credential-access,critical,sehr_hoch,UC-BANK-006,Credential Access Detection - Unsecured Credentials,Art.25,Active-Phase,Ungesicherte Credentials in Dateien/Registry
T1552.001,Unsecured Credentials: Credentials In Files,credential-access,critical,sehr_hoch,UC-BANK-006,Credential Access Detection - Unsecured Credentials,Art.25,Active-Phase,Credentials in Dateien
T1552.002,Unsecured Credentials: Credentials in Registry,credential-access,critical,sehr_hoch,UC-BANK-006,Credential Access Detection - Unsecured Credentials,Art.25,Active-Phase,Credentials aus Windows Registry
T1552.003,Unsecured Credentials: Bash History,credential-access,critical,sehr_hoch,UC-BANK-006,Credential Access Detection - Unsecured Credentials,Art.25,Active-Phase,Credentials aus Befehlshistorie (Bash History)
T1552.004,Unsecured Credentials: Private Keys,credential-access,critical,sehr_hoch,UC-BANK-006,Credential Access Detection - Unsecured Credentials,Art.25,Active-Phase,SSH Private Keys und Zertifikate
T1552.005,Unsecured Credentials: Cloud Instance Metadata API,credential-access,critical,sehr_hoch,UC-BANK-006,Credential Access Detection - Unsecured Credentials,Art.25,Active-Phase,Ungesicherte Credentials in Dateien/Registry - Unsecured Credentials: Cloud Instance Metadata API
T1555.003,Credentials from Password Stores: Credentials from Web Browsers,credential-access,critical,sehr_hoch,UC-BANK-007,Credential Access Detection - Credentials from Password Stores: Credentials f...,Art.25,Active-Phase,Browser-Credentials Extraktion
T1555.004,Credentials from Password Stores: Windows Credential Manager,credential-access,critical,sehr_hoch,UC-BANK-007,Credential Access Detection - Credentials from Password Stores: Credentials f...,Art.25,Active-Phase,Credentials from Password Stores - Credentials from Password Stores: Windows Credential Manager
T1558.002,Steal or Forge Kerberos Tickets: Silver Ticket,credential-access,critical,sehr_hoch,UC-BANK-008,Credential Access Detection - Steal or Forge Kerberos Tickets: Silver Ticket,Art.25,Active-Phase,Kerberos Ticket Manipulation - Steal or Forge Kerberos Tickets: Silver Ticket
T1558.003,Steal or Forge Kerberos Tickets: Kerberoasting,credential-access,critical,sehr_hoch,UC-BANK-008,Credential Access Detection - Steal or Forge Kerberos Tickets: Silver Ticket,Art.25,Active-Phase,Kerberoasting-Angriff
T1055,Process Injection,privilege-escalation,high,hoch,UC-BANK-020,Privilege Escalation Detection - Process Injection,Art.25,Active-Phase,Code-Injection in laufende Prozesse
T1134.001,Access Token Manipulation: Token Impersonation/Theft,privilege-escalation,high,hoch,UC-BANK-021,Privilege Escalation Detection - Access Token Manipulation: Token Impersonati...,Art.25,Active-Phase,Token-Manipulation fuer erhoehte Rechte - Access Token Manipulation: Token Impersonation/Theft
T1548,Abuse Elevation Control Mechanism,privilege-escalation,high,hoch,UC-BANK-022,Privilege Escalation Detection - Abuse Elevation Control Mechanism,Art.25,Active-Phase,UAC-Bypass und Rechteeskalation
T1548.001,Abuse Elevation Control Mechanism: Setuid and Setgid,privilege-escalation,high,hoch,UC-BANK-022,Privilege Escalation Detection - Abuse Elevation Control Mechanism,Art.25,Active-Phase,UAC-Bypass und Rechteeskalation - Abuse Elevation Control Mechanism: Setuid and Setgid
T1548.002,Abuse Elevation Control Mechanism: Bypass User Access Control,privilege-escalation,high,hoch,UC-BANK-022,Privilege Escalation Detection - Abuse Elevation Control Mechanism,Art.25,Active-Phase,User Account Control Umgehung
T1574.010,Hijack Execution Flow: Services File Permissions Weakness,privilege-escalation,high,hoch,UC-BANK-023,Privilege Escalation Detection - Hijack Execution Flow: Services File Permiss...,Art.25,Active-Phase,Schwache Service-Binary-Berechtigungen
T1574.011,Hijack Execution Flow: Services Registry Permissions Weakness,privilege-escalation,high,hoch,UC-BANK-023,Privilege Escalation Detection - Hijack Execution Flow: Services File Permiss...,Art.25,Active-Phase,DLL Hijacking und Execution Flow Manipulation - Hijack Execution Flow: Services Registry Permissions Weakness
T1611,Escape to Host,privilege-escalation,high,hoch,UC-BANK-024,Privilege Escalation Detection - Escape to Host,Art.25,Active-Phase,Erkennung von Escape to Host
T1021.001,Remote Services: Remote Desktop Protocol,lateral-movement,high,sehr_hoch,UC-BANK-030,Lateral Movement Detection - Remote Services: Remote Desktop Protocol,Art.25,Active-Phase,RDP-basiertes Lateral Movement
T1021.002,Remote Services: SMB/Windows Admin Shares,lateral-movement,high,sehr_hoch,UC-BANK-030,Lateral Movement Detection - Remote Services: Remote Desktop Protocol,Art.25,Active-Phase,SMB/Windows Admin Shares Lateral Movement
T1021.003,Remote Services: Distributed Component Object Model,lateral-movement,high,sehr_hoch,UC-BANK-030,Lateral Movement Detection - Remote Services: Remote Desktop Protocol,Art.25,Active-Phase,DCOM-basiertes Lateral Movement
T1021.004,Remote Services: SSH,lateral-movement,high,sehr_hoch,UC-BANK-030,Lateral Movement Detection - Remote Services: Remote Desktop Protocol,Art.25,Active-Phase,SSH-basiertes Lateral Movement
T1021.006,Remote Services: Windows Remote Management,lateral-movement,high,sehr_hoch,UC-BANK-030,Lateral Movement Detection - Remote Services: Remote Desktop Protocol,Art.25,Active-Phase,WinRM-basiertes Lateral Movement
T1037.005,Boot or Logon Initialization Scripts: Startup Items,lateral-movement,high,sehr_hoch,UC-BANK-031,Lateral Movement Detection - Boot or Logon Initialization Scripts: Startup Items,Art.25,Active-Phase,Boot oder Logon Initialization Scripts - Boot or Logon Initialization Scripts: Startup Items
T1105,Ingress Tool Transfer,lateral-movement,high,sehr_hoch,UC-BANK-032,Lateral Movement Detection - Ingress Tool Transfer,Art.25,Active-Phase,Download von Tools auf Zielsystem (Ingress Tool Transfer)
T1550.002,Use Alternate Authentication Material: Pass the Hash,lateral-movement,high,sehr_hoch,UC-BANK-033,Lateral Movement Detection - Use Alternate Authentication Material: Pass the ...,Art.25,Active-Phase,Use Alternate Authentication Material - Use Alternate Authentication Material: Pass the Hash
T1570,Lateral Tool Transfer,lateral-movement,high,sehr_hoch,UC-BANK-034,Lateral Movement Detection - Lateral Tool Transfer,Art.25,Active-Phase,Lateral Tool Transfer
7.A.5,Indicator Removal on Host: File Deletion,defense-evasion,high,hoch,UC-BANK-040,Defense Evasion Detection - Indicator Removal on Host: File Deletion,Art.25,Active-Phase,Erkennung von Indicator Removal on Host: File Deletion
T1006,Direct Volume Access,defense-evasion,high,hoch,UC-BANK-041,Defense Evasion Detection - Direct Volume Access,Art.25,Active-Phase,Erkennung von Direct Volume Access
T1014,Rootkit,defense-evasion,high,hoch,UC-BANK-042,Defense Evasion Detection - Rootkit,Art.25,Active-Phase,Erkennung von Rootkit
T1027,Obfuscated Files or Information,defense-evasion,high,hoch,UC-BANK-043,Defense Evasion Detection - Obfuscated Files or Information,Art.25,Active-Phase,Verschleierte Dateien oder Informationen
T1027.002,Obfuscated Files or Information: Software Packing,defense-evasion,high,hoch,UC-BANK-043,Defense Evasion Detection - Obfuscated Files or Information,Art.25,Active-Phase,Verschleierte Dateien oder Informationen - Obfuscated Files or Information: Software Packing
T1027.013,Obfuscated Files or Information: Encrypted/Encoded File,defense-evasion,high,hoch,UC-BANK-043,Defense Evasion Detection - Obfuscated Files or Information,Art.25,Active-Phase,Verschleierte Dateien oder Informationen - Obfuscated Files or Information: Encrypted/Encoded File
T1036.004,Masquerading: Masquerade Task or Service,defense-evasion,high,hoch,UC-BANK-044,Defense Evasion Detection - Masquerading: Masquerade Task or Service,Art.25,Active-Phase,Tarnung als legitimer Prozess oder Datei (Masquerading) - Masquerading: Masquerade Task or Service
T1036.005,Masquerading: Match Legitimate Name or Location,defense-evasion,high,hoch,UC-BANK-044,Defense Evasion Detection - Masquerading: Masquerade Task or Service,Art.25,Active-Phase,Tarnung als legitimer Prozess oder Datei (Masquerading) - Masquerading: Match Legitimate Name or Location
T1055.001,Process Injection: Dynamic-link Library Injection,defense-evasion,high,hoch,UC-BANK-045,Defense Evasion Detection - Process Injection: Dynamic-link Library Injection,Art.25,Active-Phase,Code-Injection in laufende Prozesse - Process Injection: Dynamic-link Library Injection
T1070,Indicator Removal on Host,defense-evasion,high,hoch,UC-BANK-046,Defense Evasion Detection - Indicator Removal on Host,Art.25,Active-Phase,Loeschung von Indikatoren und Spuren
T1070.001,Indicator Removal on Host: Clear Windows Event Logs,defense-evasion,high,hoch,UC-BANK-046,Defense Evasion Detection - Indicator Removal on Host,Art.25,Active-Phase,Loeschung von Windows Event Logs
T1070.003,Indicator Removal on Host: Clear Command History,defense-evasion,high,hoch,UC-BANK-046,Defense Evasion Detection - Indicator Removal on Host,Art.25,Active-Phase,Loeschung der Befehlshistorie
T1070.004,Indicator Removal on Host: File Deletion,defense-evasion,high,hoch,UC-BANK-046,Defense Evasion Detection - Indicator Removal on Host,Art.25,Active-Phase,Loeschung von Artefakten und Dateien
T1070.006,Indicator Removal on Host: Timestomp,defense-evasion,high,hoch,UC-BANK-046,Defense Evasion Detection - Indicator Removal on Host,Art.25,Active-Phase,Loeschung von Indikatoren und Spuren - Indicator Removal on Host: Timestomp
T1070.008,Email Collection: Mailbox Manipulation,defense-evasion,high,hoch,UC-BANK-046,Defense Evasion Detection - Indicator Removal on Host,Art.25,Active-Phase,Loeschung von Indikatoren und Spuren - Email Collection: Mailbox Manipulation
T1112,Modify Registry,defense-evasion,high,hoch,UC-BANK-047,Defense Evasion Detection - Modify Registry,Art.25,Active-Phase,Windows Registry Modifikation
T1134,Access Token Manipulation,defense-evasion,high,hoch,UC-BANK-048,Defense Evasion Detection - Access Token Manipulation,Art.25,Active-Phase,Token-Manipulation fuer erhoehte Rechte
T1134.002,Access Token Manipulation: Create Process with Token,defense-evasion,high,hoch,UC-BANK-048,Defense Evasion Detection - Access Token Manipulation,Art.25,Active-Phase,Token-Manipulation fuer erhoehte Rechte - Access Token Manipulation: Create Process with Token
T1140,Deobfuscate/Decode Files or Information,defense-evasion,high,hoch,UC-BANK-049,Defense Evasion Detection - Deobfuscate/Decode Files or Information,Art.25,Active-Phase,Deobfuskation/Dekodierung von Dateien
T1202,Indirect Command Execution,defense-evasion,high,hoch,UC-BANK-050,Defense Evasion Detection - Indirect Command Execution,Art.25,Active-Phase,Indirect Command Execution
T1207,Rogue Domain Controller,defense-evasion,high,hoch,UC-BANK-051,Defense Evasion Detection - Rogue Domain Controller,Art.25,Active-Phase,Erkennung von Rogue Domain Controller
T1216,Signed Script Proxy Execution,defense-evasion,high,hoch,UC-BANK-052,Defense Evasion Detection - Signed Script Proxy Execution,Art.25,Active-Phase,Erkennung von Signed Script Proxy Execution
T1218,Signed Binary Proxy Execution,defense-evasion,high,hoch,UC-BANK-053,Defense Evasion Detection - Signed Binary Proxy Execution,Art.25,Active-Phase,System Binary Proxy Execution
T1218.003,Signed Binary Proxy Execution: CMSTP,defense-evasion,high,hoch,UC-BANK-053,Defense Evasion Detection - Signed Binary Proxy Execution,Art.25,Active-Phase,System Binary Proxy Execution - Signed Binary Proxy Execution: CMSTP
T1218.004,Signed Binary Proxy Execution: InstallUtil,defense-evasion,high,hoch,UC-BANK-053,Defense Evasion Detection - Signed Binary Proxy Execution,Art.25,Active-Phase,System Binary Proxy Execution - Signed Binary Proxy Execution: InstallUtil
T1218.005,Signed Binary Proxy Execution: Mshta,defense-evasion,high,hoch,UC-BANK-053,Defense Evasion Detection - Signed Binary Proxy Execution,Art.25,Active-Phase,System Binary Proxy Execution - Signed Binary Proxy Execution: Mshta
T1218.007,Signed Binary Proxy Execution: Msiexec,defense-evasion,high,hoch,UC-BANK-053,Defense Evasion Detection - Signed Binary Proxy Execution,Art.25,Active-Phase,System Binary Proxy Execution - Signed Binary Proxy Execution: Msiexec
T1218.008,Signed Binary Proxy Execution: Odbcconf,defense-evasion,high,hoch,UC-BANK-053,Defense Evasion Detection - Signed Binary Proxy Execution,Art.25,Active-Phase,System Binary Proxy Execution - Signed Binary Proxy Execution: Odbcconf
T1218.009,Signed Binary Proxy Execution: Regsvcs/Regasm,defense-evasion,high,hoch,UC-BANK-053,Defense Evasion Detection - Signed Binary Proxy Execution,Art.25,Active-Phase,System Binary Proxy Execution - Signed Binary Proxy Execution: Regsvcs/Regasm
T1220,XSL Script Processing,defense-evasion,high,hoch,UC-BANK-054,Defense Evasion Detection - XSL Script Processing,Art.25,Active-Phase,XSL Script Processing
T1222,File and Directory Permissions Modification,defense-evasion,high,hoch,UC-BANK-055,Defense Evasion Detection - File and Directory Permissions Modification,Art.25,Active-Phase,Erkennung von File and Directory Permissions Modification
T1222.001,File and Directory Permissions Modification: Windows File and Directory Permissions Modification,defense-evasion,high,hoch,UC-BANK-055,Defense Evasion Detection - File and Directory Permissions Modification,Art.25,Active-Phase,Erkennung von File and Directory Permissions Modification: Windows File and Directory Permissions Modification
T1222.002,"File and Directory Permissions Modification: FreeBSD, Linux and Mac File and Directory Permissions Modification",defense-evasion,high,hoch,UC-BANK-055,Defense Evasion Detection - File and Directory Permissions Modification,Art.25,Active-Phase,"Erkennung von File and Directory Permissions Modification: FreeBSD, Linux and Mac File and Directory Permissions Modification"
T1497.001,Virtualization/Sandbox Evasion: System Checks,defense-evasion,high,hoch,UC-BANK-056,Defense Evasion Detection - Virtualization/Sandbox Evasion: System Checks,Art.25,Active-Phase,Sandbox-Erkennung und Umgehung - Virtualization/Sandbox Evasion: System Checks
T1497.003,Virtualization/Sandbox Evasion: Time Based Evasion,defense-evasion,high,hoch,UC-BANK-056,Defense Evasion Detection - Virtualization/Sandbox Evasion: System Checks,Art.25,Active-Phase,Sandbox-Erkennung und Umgehung - Virtualization/Sandbox Evasion: Time Based Evasion
T1553.005,Subvert Trust Controls: Mark-of-the-Web Bypass,defense-evasion,high,hoch,UC-BANK-057,Defense Evasion Detection - Subvert Trust Controls: Mark-of-the-Web Bypass,Art.25,Active-Phase,Erkennung von Subvert Trust Controls: Mark-of-the-Web Bypass
T1562,Impair Defenses,defense-evasion,high,hoch,UC-BANK-058,Defense Evasion Detection - Impair Defenses,Art.25,Active-Phase,Deaktivierung von Sicherheitsmechanismen
T1562.001,Impair Defenses: Disable or Modify Tools,defense-evasion,high,hoch,UC-BANK-058,Defense Evasion Detection - Impair Defenses,Art.25,Active-Phase,Deaktivierung von AV/EDR
T1562.010,Impair Defenses: Downgrade Attack,defense-evasion,high,hoch,UC-BANK-058,Defense Evasion Detection - Impair Defenses,Art.25,Active-Phase,Deaktivierung von Sicherheitsmechanismen - Impair Defenses: Downgrade Attack
T1562.012,Impair Defenses: Disable or Modify Linux Audit System,defense-evasion,high,hoch,UC-BANK-058,Defense Evasion Detection - Impair Defenses,Art.25,Active-Phase,Deaktivierung von Sicherheitsmechanismen - Impair Defenses: Disable or Modify Linux Audit System
T1564.002,Hide Artifacts: Hidden Users,defense-evasion,high,hoch,UC-BANK-059,Defense Evasion Detection - Hide Artifacts: Hidden Users,Art.25,Active-Phase,Erkennung von Hide Artifacts: Hidden Users
T1564.004,Hide Artifacts: NTFS File Attributes,defense-evasion,high,hoch,UC-BANK-059,Defense Evasion Detection - Hide Artifacts: Hidden Users,Art.25,Active-Phase,Erkennung von Hide Artifacts: NTFS File Attributes
T1574.001,Hijack Execution Flow - DLL Search Order Hijacking,defense-evasion,high,hoch,UC-BANK-059,Defense Evasion Detection - Hijack Execution Flow - DLL Search Order Hijacking,Art.25,Active-Phase,DLL Hijacking und Execution Flow Manipulation - Hijack Execution Flow - DLL Search Order Hijacking
T1612,Build Image on Host,defense-evasion,high,hoch,UC-BANK-059,Defense Evasion Detection - Build Image on Host,Art.25,Active-Phase,Erkennung von Build Image on Host
T1007,System Service Discovery,discovery,medium,mittel,UC-BANK-060,Discovery and Reconnaissance Detection - System Service Discovery,Art.25,Recon-Phase,System Service Discovery
T1010,Application Window Discovery,discovery,medium,mittel,UC-BANK-061,Discovery and Reconnaissance Detection - Application Window Discovery,Art.25,Recon-Phase,Anwendungsfenster-Enumeration
T1012,Query Registry,discovery,medium,mittel,UC-BANK-062,Discovery and Reconnaissance Detection - Query Registry,Art.25,Recon-Phase,Windows Registry Abfrage
T1016,System Network Configuration Discovery,discovery,medium,mittel,UC-BANK-063,Discovery and Reconnaissance Detection - System Network Configuration Discovery,Art.25,Recon-Phase,Netzwerkkonfigurations-Enumeration
T1016.001,System Network Configuration Discovery: Internet Connection Discovery,discovery,medium,mittel,UC-BANK-063,Discovery and Reconnaissance Detection - System Network Configuration Discovery,Art.25,Recon-Phase,Netzwerkkonfigurations-Enumeration - System Network Configuration Discovery: Internet Connection Discovery
T1018,Remote System Discovery,discovery,medium,mittel,UC-BANK-064,Discovery and Reconnaissance Detection - Remote System Discovery,Art.25,Recon-Phase,Erkennung von Remote-System-Discovery und Host-Scanning
T1021,Password Policy Discovery,discovery,medium,mittel,UC-BANK-065,Discovery and Reconnaissance Detection - Password Policy Discovery,Art.25,Recon-Phase,Nutzung von Remote-Services fuer Lateral Movement
T1033,System Owner/User Discovery,discovery,medium,mittel,UC-BANK-066,Discovery and Reconnaissance Detection - System Owner/User Discovery,Art.25,Recon-Phase,System Owner/User Discovery
T1046,Network Service Scanning,discovery,medium,mittel,UC-BANK-067,Discovery and Reconnaissance Detection - Network Service Scanning,Art.25,Recon-Phase,Netzwerk-Service-Scanning
T1049,System Network Connections Discovery,discovery,medium,mittel,UC-BANK-068,Discovery and Reconnaissance Detection - System Network Connections Discovery,Art.25,Recon-Phase,System-Netzwerkverbindungen auflisten
T1057,Process Discovery,discovery,medium,mittel,UC-BANK-069,Discovery and Reconnaissance Detection - Process Discovery,Art.25,Recon-Phase,Prozess-Auflistung und -Discovery
T1069,Permission Groups Discovery,discovery,medium,mittel,UC-BANK-070,Discovery and Reconnaissance Detection - Permission Groups Discovery,Art.25,Recon-Phase,Berechtigungsgruppen-Discovery
T1069.001,Permission Groups Discovery: Local Groups,discovery,medium,mittel,UC-BANK-070,Discovery and Reconnaissance Detection - Permission Groups Discovery,Art.25,Recon-Phase,Berechtigungsgruppen-Discovery - Permission Groups Discovery: Local Groups
T1069.002,Permission Groups Discovery: Domain Groups,discovery,medium,mittel,UC-BANK-070,Discovery and Reconnaissance Detection - Permission Groups Discovery,Art.25,Recon-Phase,Berechtigungsgruppen-Discovery - Permission Groups Discovery: Domain Groups
T1082,System Information Discovery,discovery,medium,mittel,UC-BANK-071,Discovery and Reconnaissance Detection - System Information Discovery,Art.25,Recon-Phase,System-Informationssammlung
T1083,File and Directory Discovery,discovery,medium,mittel,UC-BANK-072,Discovery and Reconnaissance Detection - File and Directory Discovery,Art.25,Recon-Phase,Dateisystem-Enumeration
T1087,Account Discovery,discovery,medium,mittel,UC-BANK-073,Discovery and Reconnaissance Detection - Account Discovery,Art.25,Recon-Phase,Benutzerkonten-Enumeration
T1087.001,Account Discovery: Local Account,discovery,medium,mittel,UC-BANK-073,Discovery and Reconnaissance Detection - Account Discovery,Art.25,Recon-Phase,Lokale Konten-Enumeration
T1087.002,Account Discovery: Domain Account,discovery,medium,mittel,UC-BANK-073,Discovery and Reconnaissance Detection - Account Discovery,Art.25,Recon-Phase,Domain-Konten-Enumeration
T1120,Peripheral Device Discovery,discovery,medium,mittel,UC-BANK-074,Discovery and Reconnaissance Detection - Peripheral Device Discovery,Art.25,Recon-Phase,Erkennung von Peripheral Device Discovery
T1124,System Time Discovery,discovery,medium,mittel,UC-BANK-075,Discovery and Reconnaissance Detection - System Time Discovery,Art.25,Recon-Phase,Erkennung von System Time Discovery
T1135,Network Share Discovery,discovery,medium,mittel,UC-BANK-076,Discovery and Reconnaissance Detection - Network Share Discovery,Art.25,Recon-Phase,Netzwerk Share Discovery
T1201,Password Policy Discovery,discovery,medium,mittel,UC-BANK-077,Discovery and Reconnaissance Detection - Password Policy Discovery,Art.25,Recon-Phase,Password Policy Discovery
T1217,Browser Bookmark Discovery,discovery,medium,mittel,UC-BANK-078,Discovery and Reconnaissance Detection - Browser Bookmark Discovery,Art.25,Recon-Phase,Browser Information Discovery
T1482,Domain Trust Discovery,discovery,medium,mittel,UC-BANK-079,Discovery and Reconnaissance Detection - Domain Trust Discovery,Art.25,Recon-Phase,Domain Trust Enumeration
T1518,Software Discovery,discovery,medium,mittel,UC-BANK-079,Discovery and Reconnaissance Detection - Software Discovery,Art.25,Recon-Phase,Software Discovery
T1518.001,Software Discovery: Security Software Discovery,discovery,medium,mittel,UC-BANK-079,Discovery and Reconnaissance Detection - Software Discovery,Art.25,Recon-Phase,Software Discovery - Software Discovery: Security Software Discovery
T1526,Cloud Service Discovery,discovery,medium,mittel,UC-BANK-079,Discovery and Reconnaissance Detection - Cloud Service Discovery,Art.25,Recon-Phase,Erkennung von Cloud Service Discovery
T1580,Cloud Infrastructure Discovery,discovery,medium,mittel,UC-BANK-079,Discovery and Reconnaissance Detection - Cloud Infrastructure Discovery,Art.25,Recon-Phase,Erkennung von Cloud Infrastructure Discovery
T1614.001,System Location Discovery: System Language Discovery,discovery,medium,mittel,UC-BANK-079,Discovery and Reconnaissance Detection - System Location Discovery: System La...,Art.25,Recon-Phase,Erkennung von System Location Discovery: System Language Discovery
T1654,Log Enumeration,discovery,medium,mittel,UC-BANK-079,Discovery and Reconnaissance Detection - Log Enumeration,Art.25,Recon-Phase,Erkennung von Log Enumeration
TA0007,host discovery,discovery,medium,mittel,UC-BANK-079,Discovery and Reconnaissance Detection - host discovery,Art.25,Recon-Phase,Erkennung von host discovery
T1036.002,Masquerading: Right-to-Left Override,execution,high,hoch,UC-BANK-080,Suspicious Execution Detection - Masquerading: Right-to-Left Override,Art.25,Active-Phase,Tarnung als legitimer Prozess oder Datei (Masquerading) - Masquerading: Right-to-Left Override
T1047,Windows Management Instrumentation,execution,high,hoch,UC-BANK-081,Suspicious Execution Detection - Windows Management Instrumentation,Art.25,Active-Phase,Windows Management Instrumentation Ausfuehrung
T1053.005,Scheduled Task/Job: Scheduled Task,execution,high,hoch,UC-BANK-082,Suspicious Execution Detection - Scheduled Task/Job: Scheduled Task,Art.25,Active-Phase,Persistenz via geplante Aufgaben (Scheduled Task/Job) - Scheduled Task/Job: Scheduled Task
T1059.001,Command and Scripting Interpreter: PowerShell,execution,high,hoch,UC-BANK-083,Suspicious Execution Detection - Command and Scripting Interpreter: PowerShell,Art.25,Active-Phase,PowerShell-basierte Ausfuehrung
T1059.002,Command and Scripting Interpreter: AppleScript,execution,high,hoch,UC-BANK-083,Suspicious Execution Detection - Command and Scripting Interpreter: PowerShell,Art.25,Active-Phase,Ausfuehrung von Befehlen und Scripts - Command and Scripting Interpreter: AppleScript
T1059.003,Command and Scripting Interpreter: Windows Command Shell,execution,high,hoch,UC-BANK-083,Suspicious Execution Detection - Command and Scripting Interpreter: PowerShell,Art.25,Active-Phase,Windows Command Shell Ausfuehrung
T1059.004,Command and Scripting Interpreter: Bash,execution,high,hoch,UC-BANK-083,Suspicious Execution Detection - Command and Scripting Interpreter: PowerShell,Art.25,Active-Phase,Ausfuehrung von Befehlen und Scripts - Command and Scripting Interpreter: Bash
T1059.005,Command and Scripting Interpreter: Visual Basic,execution,high,hoch,UC-BANK-083,Suspicious Execution Detection - Command and Scripting Interpreter: PowerShell,Art.25,Active-Phase,VBScript Ausfuehrung
T1059.006,Command and Scripting Interpreter: Python,execution,high,hoch,UC-BANK-083,Suspicious Execution Detection - Command and Scripting Interpreter: PowerShell,Art.25,Active-Phase,Python-basierte Ausfuehrung
T1106,Native API,execution,high,hoch,UC-BANK-084,Suspicious Execution Detection - Native API,Art.25,Active-Phase,Native API Ausfuehrung
T1204.002,User Execution: Malicious File,execution,high,hoch,UC-BANK-085,Suspicious Execution Detection - User Execution: Malicious File,Art.25,Active-Phase,User Execution - User Execution: Malicious File
T1569.001,System Services: Launchctl,execution,high,hoch,UC-BANK-086,Suspicious Execution Detection - System Services: Launchctl,Art.25,Active-Phase,Ausfuehrung via System-Services - System Services: Launchctl
T1569.002,System Services: Service Execution,execution,high,hoch,UC-BANK-086,Suspicious Execution Detection - System Services: Launchctl,Art.25,Active-Phase,Ausfuehrung via Service-Erstellung
T1651,Cloud Administration Command,execution,high,hoch,UC-BANK-087,Suspicious Execution Detection - Cloud Administration Command,Art.25,Active-Phase,Erkennung von Cloud Administration Command
T1053.003,Scheduled Task/Job: Cron,persistence,high,hoch,UC-BANK-090,Persistence Mechanism Detection - Scheduled Task/Job: Cron,Art.25,Active-Phase,Persistenz via geplante Aufgaben (Scheduled Task/Job) - Scheduled Task/Job: Cron
T1136.001,Create Account: Local Account,persistence,high,hoch,UC-BANK-091,Persistence Mechanism Detection - Create Account: Local Account,Art.25,Active-Phase,Erstellung neuer Benutzerkonten - Create Account: Local Account
T1136.002,Create Account: Domain Account,persistence,high,hoch,UC-BANK-091,Persistence Mechanism Detection - Create Account: Local Account,Art.25,Active-Phase,Erstellung neuer Benutzerkonten - Create Account: Domain Account
T1136.003,Create Account: Cloud Account,persistence,high,hoch,UC-BANK-091,Persistence Mechanism Detection - Create Account: Local Account,Art.25,Active-Phase,Erstellung neuer Benutzerkonten - Create Account: Cloud Account
T1137.004,Office Application Startup: Outlook Home Page,persistence,high,hoch,UC-BANK-092,Persistence Mechanism Detection - Office Application Startup: Outlook Home Page,Art.25,Active-Phase,Erkennung von Office Application Startup: Outlook Home Page
T1218.011,Signed Binary Proxy Execution: Rundll32,persistence,high,hoch,UC-BANK-093,Persistence Mechanism Detection - Signed Binary Proxy Execution: Rundll32,Art.25,Active-Phase,System Binary Proxy Execution - Signed Binary Proxy Execution: Rundll32
T1503.003,Scheduled Task/Job: Cron,persistence,high,hoch,UC-BANK-094,Persistence Mechanism Detection - Scheduled Task/Job: Cron,Art.25,Active-Phase,Erkennung von Scheduled Task/Job: Cron
T1505.002,Server Software Component: Transport Agent,persistence,high,hoch,UC-BANK-095,Persistence Mechanism Detection - Server Software Component: Transport Agent,Art.25,Active-Phase,Erkennung von Server Software Component: Transport Agent
T1505.003,Server Software Component: Web Shell,persistence,high,hoch,UC-BANK-095,Persistence Mechanism Detection - Server Software Component: Transport Agent,Art.25,Active-Phase,Erkennung von Server Software Component: Web Shell
T1543.002,Create or Modify System Process: Systemd Service,persistence,high,hoch,UC-BANK-096,Persistence Mechanism Detection - Create or Modify System Process: Systemd Se...,Art.25,Active-Phase,System-Service-Erstellung und -Manipulation - Create or Modify System Process: Systemd Service
T1543.003,Create or Modify System Process: Windows Service,persistence,high,hoch,UC-BANK-096,Persistence Mechanism Detection - Create or Modify System Process: Systemd Se...,Art.25,Active-Phase,Erstellung schadhafter Windows-Services
T1546.003,Event Triggered Execution: Windows Management Instrumentation Event Subscription,persistence,high,hoch,UC-BANK-097,Persistence Mechanism Detection - Event Triggered Execution: Windows Manageme...,Art.25,Active-Phase,Event Triggered Execution - Event Triggered Execution: Windows Management Instrumentation Event Subscription
T1546.011,Application Shimming,persistence,high,hoch,UC-BANK-097,Persistence Mechanism Detection - Event Triggered Execution: Windows Manageme...,Art.25,Active-Phase,Event Triggered Execution - Application Shimming
T1547.001,Boot or Logon Autostart Execution: Registry Run Keys / Startup Folder,persistence,high,hoch,UC-BANK-098,Persistence Mechanism Detection - Boot or Logon Autostart Execution: Registry...,Art.25,Active-Phase,Boot/Logon Autostart Execution - Boot or Logon Autostart Execution: Registry Run Keys / Startup Folder
T1547.004,Boot or Logon Autostart Execution: Winlogon Helper DLL,persistence,high,hoch,UC-BANK-098,Persistence Mechanism Detection - Boot or Logon Autostart Execution: Registry...,Art.25,Active-Phase,Boot/Logon Autostart Execution - Boot or Logon Autostart Execution: Winlogon Helper DLL
T1547.009,Boot or Logon Autostart Execution: Shortcut Modification,persistence,high,hoch,UC-BANK-098,Persistence Mechanism Detection - Boot or Logon Autostart Execution: Registry...,Art.25,Active-Phase,Boot/Logon Autostart Execution - Boot or Logon Autostart Execution: Shortcut Modification
T1020,Automated Exfiltration,exfiltration,high,sehr_hoch,UC-BANK-100,Data Exfiltration Detection - Automated Exfiltration,Art.25,Active-Phase,Automatisierte Datenexfiltration
T1029,Scheduled Transfer,exfiltration,high,sehr_hoch,UC-BANK-101,Data Exfiltration Detection - Scheduled Transfer,Art.25,Active-Phase,Geplante automatische Datenuebertragung
T1030,Data Transfer Size Limits,exfiltration,high,sehr_hoch,UC-BANK-102,Data Exfiltration Detection - Data Transfer Size Limits,Art.25,Active-Phase,Aufgeteilte Datenexfiltration in kleinen Stuecken
T1041,Exfiltration Over C2 Channel,exfiltration,high,sehr_hoch,UC-BANK-103,Data Exfiltration Detection - Exfiltration Over C2 Channel,Art.25,Active-Phase,Datenexfiltration ueber C2-Kanal
T1048.003,Exfiltration Over Unencrypted/Obfuscated Non-C2 Protocol,exfiltration,high,sehr_hoch,UC-BANK-104,Data Exfiltration Detection - Exfiltration Over Unencrypted/Obfuscated Non-C2...,Art.25,Active-Phase,Exfiltration ueber alternativen Protokollkanal - Exfiltration Over Unencrypted/Obfuscated Non-C2 Protocol
T1537,Transfer Data to Cloud Account,exfiltration,high,sehr_hoch,UC-BANK-105,Data Exfiltration Detection - Transfer Data to Cloud Account,Art.25,Active-Phase,Exfiltration zu Cloud-Accounts
T1567.001,Exfiltration to Code Repository,exfiltration,high,sehr_hoch,UC-BANK-106,Data Exfiltration Detection - Exfiltration to Code Repository,Art.25,Active-Phase,Exfiltration ueber Webdienste - Exfiltration to Code Repository
T1567.002,Exfiltration to Cloud Storage,exfiltration,high,sehr_hoch,UC-BANK-106,Data Exfiltration Detection - Exfiltration to Code Repository,Art.25,Active-Phase,Exfiltration zu Cloud Storage
8.A.2,Input Capture: Keylogging,collection,medium,hoch,UC-BANK-110,Data Collection Detection - Input Capture: Keylogging,Art.25,Active-Phase,Erkennung von Input Capture: Keylogging
T1005,Data from Local System,collection,medium,hoch,UC-BANK-111,Data Collection Detection - Data from Local System,Art.25,Active-Phase,Zugriff auf sensible lokale Dateien und Daten
T1025,Data from Removable Media,collection,medium,hoch,UC-BANK-112,Data Collection Detection - Data from Removable Media,Art.25,Active-Phase,Erkennung von Data from Removable Media
T1039,Data from Network Shared Drive,collection,medium,hoch,UC-BANK-113,Data Collection Detection - Data from Network Shared Drive,Art.25,Active-Phase,Daten von Network Shared Drive
T1056.001,Input Capture: Keylogging,collection,medium,hoch,UC-BANK-114,Data Collection Detection - Input Capture: Keylogging,Art.25,Active-Phase,Input Capture - Tastatureingaben abfangen - Input Capture: Keylogging
T1074.001,Data Staged: Local Data Staging,collection,medium,hoch,UC-BANK-115,Data Collection Detection - Data Staged: Local Data Staging,Art.25,Active-Phase,Lokales Sammeln von Daten in Staging-Verzeichnissen
T1113,Screen Capture,collection,medium,hoch,UC-BANK-116,Data Collection Detection - Screen Capture,Art.25,Active-Phase,Bildschirmaufnahme / Screen Capture
T1114.001,Email Collection: Local Email Collection,collection,medium,hoch,UC-BANK-117,Data Collection Detection - Email Collection: Local Email Collection,Art.25,Active-Phase,Erkennung von Email Collection: Local Email Collection
T1114.003,Email Collection: Email Forwarding Rule,collection,medium,hoch,UC-BANK-117,Data Collection Detection - Email Collection: Local Email Collection,Art.25,Active-Phase,Erkennung von Email Collection: Email Forwarding Rule
T1115,Clipboard Data,collection,medium,hoch,UC-BANK-118,Data Collection Detection - Clipboard Data,Art.25,Active-Phase,Clipboard-Daten abgreifen
T1119,Automated Collection,collection,medium,hoch,UC-BANK-119,Data Collection Detection - Automated Collection,Art.25,Active-Phase,Automatisierte Datensammlung
T1123,Audio Capture,collection,medium,hoch,UC-BANK-119,Data Collection Detection - Audio Capture,Art.25,Active-Phase,Audio Capture
T1125,Video Capture,collection,medium,hoch,UC-BANK-119,Data Collection Detection - Video Capture,Art.25,Active-Phase,Erkennung von Video Capture
T1530,Data from Cloud Storage Object,collection,medium,hoch,UC-BANK-119,Data Collection Detection - Data from Cloud Storage Object,Art.25,Active-Phase,Erkennung von Data from Cloud Storage Object
T1560.001,Archive Collected Data - Archive via Utility,collection,medium,hoch,UC-BANK-119,Data Collection Detection - Archive Collected Data - Archive via Utility,Art.25,Active-Phase,"Archivierung mit Standard-Tools (zip, tar, 7z)"
T1071,Application Layer Protocol,command-and-control,high,hoch,UC-BANK-120,C2 Communication Detection - Application Layer Protocol,Art.25,Active-Phase,C2-Kommunikation ueber Anwendungsprotokolle
T1071.001,Application Layer Protocol: Web Protocols,command-and-control,high,hoch,UC-BANK-120,C2 Communication Detection - Application Layer Protocol,Art.25,Active-Phase,HTTP/HTTPS-basierte C2-Kommunikation
T1071.004,Application Layer Protocol: DNS,command-and-control,high,hoch,UC-BANK-120,C2 Communication Detection - Application Layer Protocol,Art.25,Active-Phase,DNS-basierte C2-Kommunikation
T1090.001,Proxy: Internal Proxy,command-and-control,high,hoch,UC-BANK-121,C2 Communication Detection - Proxy: Internal Proxy,Art.25,Active-Phase,Erkennung von Proxy: Internal Proxy
T1132.001,Data Encoding: Standard Encoding,command-and-control,high,hoch,UC-BANK-122,C2 Communication Detection - Data Encoding: Standard Encoding,Art.25,Active-Phase,Data Encoding fuer C2 - Data Encoding: Standard Encoding
T1205,Traffic Signaling,command-and-control,high,hoch,UC-BANK-123,C2 Communication Detection - Traffic Signaling,Art.25,Active-Phase,Erkennung von Traffic Signaling
T1571,Non-Standard Port,command-and-control,high,hoch,UC-BANK-124,C2 Communication Detection - Non-Standard Port,Art.25,Active-Phase,Non-Standard Port C2
T1572,Protocol Tunneling,command-and-control,high,hoch,UC-BANK-125,C2 Communication Detection - Protocol Tunneling,Art.25,Active-Phase,Protocol Tunneling
T1486,Data Encrypted for Impact,impact,critical,sehr_hoch,UC-BANK-130,System Impact Detection - Data Encrypted for Impact,Art.25,Active-Phase,Ransomware-Verschluesselung (Data Encrypted for Impact)
T1489,Service Stop,impact,critical,sehr_hoch,UC-BANK-131,System Impact Detection - Service Stop,Art.25,Active-Phase,Stoppen kritischer Dienste (Service Stop)
T1490,Inhibit System Recovery,impact,critical,sehr_hoch,UC-BANK-132,System Impact Detection - Inhibit System Recovery,Art.25,Active-Phase,Inhibit System Recovery
T1491,Defacement,impact,critical,sehr_hoch,UC-BANK-133,System Impact Detection - Defacement,Art.25,Active-Phase,Defacement / Hinterlassen von Ransomware-Nachrichten
T1496,Resource Hijacking,impact,critical,sehr_hoch,UC-BANK-134,System Impact Detection - Resource Hijacking,Art.25,Active-Phase,Crypto-Mining auf Bankinfrastruktur (Resource Hijacking)
T1499,Endpoint Denial of Service,impact,critical,sehr_hoch,UC-BANK-135,System Impact Detection - Endpoint Denial of Service,Art.25,Active-Phase,System-Shutdown oder Endpoint DoS
T1529,System Shutdown/Reboot,impact,critical,sehr_hoch,UC-BANK-136,System Impact Detection - System Shutdown/Reboot,Art.25,Active-Phase,System Shutdown/Reboot
T1531,Account Access Removal,impact,critical,sehr_hoch,UC-BANK-137,System Impact Detection - Account Access Removal,Art.25,Active-Phase,Erkennung von Account Access Removal
T1561.001,Disk Wipe: Disk Content Wipe,impact,critical,sehr_hoch,UC-BANK-138,System Impact Detection - Disk Wipe: Disk Content Wipe,Art.25,Active-Phase,Erkennung von Disk Wipe: Disk Content Wipe
T1565.001,Data Manipulation: Stored Data Manipulation,impact,critical,sehr_hoch,UC-BANK-139,System Impact Detection - Data Manipulation: Stored Data Manipulation,Art.25,Active-Phase,Manipulation gespeicherter Daten
T1078,Valid Accounts,initial-access,medium,mittel,UC-BANK-140,Initial Access Detection - Valid Accounts,Art.25,Initial-Compromise,Verwendung valider Accounts
T1189,Drive-By Compromise,initial-access,medium,mittel,UC-BANK-141,Initial Access Detection - Drive-By Compromise,Art.25,Initial-Compromise,Drive-by Compromise
T1566.002,Phishing: Spearphishing Link,initial-access,medium,mittel,UC-BANK-142,Initial Access Detection - Phishing: Spearphishing Link,Art.25,Initial-Compromise,Erkennung von Phishing: Spearphishing Link
